artist_song,song_url
Whitney Houston|||I Will Always Love You,https://p.scdn.co/mp3-preview/87cd92b04f6501ecace9f7f2a6b12802fc2cc437
Savage Garden|||I Knew I Loved You,https://p.scdn.co/mp3-preview/f0cfba5a34f233a8e15af6df8a54b5fbba040429
Santana|||Smooth,https://p.scdn.co/mp3-preview/9f977ebb2e695502c8b1d3bd678ef706c9ea4ccb
Jennifer Lopez|||If You Had My Love,https://p.scdn.co/mp3-preview/044024003a62bfcddff14658005aee0cc5533510
Christina Aguilera|||Genie In A Bottle,https://p.scdn.co/mp3-preview/8ecee53143507b9426fbc056eb2666a866e54a0d
Ricky Martin|||Livin' La Vida Loca,https://p.scdn.co/mp3-preview/5fdf7aacfed97c3f3d476f58dac07b8214421acc
TLC|||No Scrubs,https://p.scdn.co/mp3-preview/69daa711bddd8fe7aa9acf17106ca85cf1ccfa14
Cher|||Believe,https://p.scdn.co/mp3-preview/fac166f83e526909bef1ee8446dfd8e3f0ccf861
Monica|||Angel Of Mine,https://p.scdn.co/mp3-preview/7959cec67ef0e5fb1ea39350970c601160624c79
TLC|||Unpretty,https://p.scdn.co/mp3-preview/6b6dc4fe14511b523604bc25893defe6236c4f1c
Britney Spears|||..Baby One More Time,https://p.scdn.co/mp3-preview/da2134a161f1cb34d17c2d6d7e77cc93d1c1e6f7
Brandy|||Have You Ever?,https://p.scdn.co/mp3-preview/6e0b56073fbd4cc5290759e5175a0d0de1867c54
Mariah Carey|||Heartbreaker,https://p.scdn.co/mp3-preview/c4522db572fa316207364697ecd819f4fc2aa15c
Enrique Iglesias|||Bailamos,https://p.scdn.co/mp3-preview/b6024500f1a0354b439033bd8d16bc630df74a7e
"Destiny's Child|||Bills, Bills, Bills",https://p.scdn.co/mp3-preview/5947a78d5f8dbf6cd776b9fef4aedda4c406f8ba
Will Smith|||Wild Wild West,https://p.scdn.co/mp3-preview/3adf0f00d728e3ab23c7dd167dbaedfdcd2ef6fe
Brian McKnight|||Back At One,https://p.scdn.co/mp3-preview/0f723387fdac72852026b01083b0d6573d1f46b7
Whitney Houston|||Heartbreak Hotel,https://p.scdn.co/mp3-preview/a3b70a844a83bca8d3c6602e1c2681d18c96c1b9
Puff Daddy|||Satisfy You,https://p.scdn.co/mp3-preview/8b8e7123bcb41d2e90325eb56b8ab40a4bfe08ef
Ricky Martin|||She's All I Ever Had,https://p.scdn.co/mp3-preview/a9e30d4cc470b81e51e73e4c29da6ae7a3e6b05f
Sixpence None The Richer|||Kiss Me,https://p.scdn.co/mp3-preview/15689b6d7dc9bcbb5f476160fd573342827c83cf
Pearl Jam|||Last Kiss,https://p.scdn.co/mp3-preview/98609a653d88baf961226faf9555e60b0ad94616
K-Ci and JoJo|||Tell Me It's Real,https://p.scdn.co/mp3-preview/1cfe74156ce14c3f59ba3e9d7b37cab5cd0bbf31
Jessica Simpson|||I Wanna Love You Forever,https://p.scdn.co/mp3-preview/ab83dc548ebdf5d229fa2fe68e4dc03684485ff8
LFO|||Summer Girls,https://p.scdn.co/mp3-preview/0986ff170e2a1bbd8f85d4fa8fddc46c3d5286d6
Sugar Ray|||Every Morning,https://p.scdn.co/mp3-preview/8f44a10c7b279459343b2709f609c17aa78b2c3b
Marc Anthony|||I Need To Know,https://p.scdn.co/mp3-preview/66403c1f00e40679fac7e127c076e30abdfe604e
Lou Bega|||Mambo No. 5 ,https://p.scdn.co/mp3-preview/085e154a4f2fcb73fbb5a97666bd1b31a92f3c7e
Busta Rhymes|||What's It Gonna Be?!,https://p.scdn.co/mp3-preview/d691bae3a872992d1aa3739777c724b0af2619e8
Maxwell|||Fortunate,https://p.scdn.co/mp3-preview/873605270c25d8d2f1fa5255add1c1c36f803cd2
Sarah McLachlan|||Angel,https://p.scdn.co/mp3-preview/fe703f824b494d3a131b87068b6c543f03047f9d
Mariah Carey|||I Still Believe,https://p.scdn.co/mp3-preview/14be3b056978f45343e23a3c914f4db594f07625
702|||Where My Girls At?,https://p.scdn.co/mp3-preview/6ed15bced2dadd9d66bf26fb5ddcf0044b4de8d8
Smash Mouth|||All Star,https://p.scdn.co/mp3-preview/c33221b1fc27d2b96a7567c89c1f655480f46f46
Whitney Houston|||It's Not Right But It's Okay,https://p.scdn.co/mp3-preview/71354192824c7a25fa9e0903f40d0cee359e1c68
Brandy and Monica|||The Boy Is Mine,https://p.scdn.co/mp3-preview/2088d99205c4e8386d3de07cb6ce257caa430766
R. Kelly|||I'm Your Angel,https://p.scdn.co/mp3-preview/abd6647df3dd0a7b884113905cae5d44dce002dd
Next|||Too Close,https://p.scdn.co/mp3-preview/9e7b0cc020ddb159a88abce4277a58285bf7fd20
Monica|||The First Night,https://p.scdn.co/mp3-preview/4d76a8bb68c35edee4c616496abb4382d6e57c6b
Aerosmith|||I Don't Want To Miss A Thing,https://p.scdn.co/mp3-preview/cb807aca1786ce663e5b533a17508df7ece2544a
K-Ci and JoJo|||All My Life,https://p.scdn.co/mp3-preview/bfbafd334c6f877255ed1b2e4b08cb7f2d48b2b8
Will Smith|||Gettin' Jiggy Wit It,https://p.scdn.co/mp3-preview/46576be464f8b45bf713700b0fc72de76ee74f9c
Savage Garden|||Truly Madly Deeply,https://p.scdn.co/mp3-preview/2b9ef8ca70a98cf694860b76ea5b06ff76553c38
Janet|||Together Again,https://p.scdn.co/mp3-preview/b971d7670fd4891e4201b8b044ac95fe41971cf5
Usher|||Nice and Slow,https://p.scdn.co/mp3-preview/f5f5dbedc890f8b2a43543da8bd17257b28e88aa
Lauryn Hill|||Doo Wop ,https://p.scdn.co/mp3-preview/e2d527c9652362bed26e25392e9456966f5eb620
Celine Dion|||My Heart Will Go On,https://p.scdn.co/mp3-preview/b98064ff7876dcefd0eca2fe5a5a24351cc27d5d
Divine|||Lately,https://p.scdn.co/mp3-preview/e2f24c8fe7950b6e261fb8e94b2a0161d9a95035
Mariah Carey|||My All,https://p.scdn.co/mp3-preview/2c6321dc1f89cf87bf063b0ee0da992dcfa6ca99
Barenaked Ladies|||One Week,https://p.scdn.co/mp3-preview/fa23e220c1b5a7cba9b725f03b7e37ccefe985e4
Shania Twain|||You're Still The One,https://p.scdn.co/mp3-preview/9dd9a541ac9dc0c365c1ef6f5dfbec236eab2ca2
Deborah Cox|||Nobody's Supposed To Be Here,https://p.scdn.co/mp3-preview/10480540e1891b10d5f5c7c6896a8e495eb2f5ac
Usher|||My Way,https://p.scdn.co/mp3-preview/591b0e08b371ab6162dfbb0e44f48660e303bd81
Montell Jordan|||Let's Ride,https://p.scdn.co/mp3-preview/32f2586ecec911f6f65e0318b9c7ec86d3fed7d7
Madonna|||Frozen,https://p.scdn.co/mp3-preview/341387f87bfea45e4b0ac596fef2b740776962d1
Jennifer Paige|||Crush,https://p.scdn.co/mp3-preview/fedc56c0e12bcc3e16f23e52075e8a47049d3619
Dru Hill|||How Deep Is Your Love,https://p.scdn.co/mp3-preview/7ef7dc0110478ffe14238f945ad75cba748174b3
Sarah McLachlan|||Adia,https://p.scdn.co/mp3-preview/4766d2422267bd0f57ac3c141db3f81f38124acc
Janet|||I Get Lonely,https://p.scdn.co/mp3-preview/e232547b0b5cfc5bcd26f6af4b820bfef7499353
"Backstreet Boys, The|||Everybody",https://p.scdn.co/mp3-preview/331ae7f182384985b601fc75ae7f0e7a0c821de5
Shania Twain|||From This Moment On,https://p.scdn.co/mp3-preview/9fa6d2de70eaef27fbd28295c04a98ac6d08064b
All Saints|||Never Ever,https://p.scdn.co/mp3-preview/a07f748e73d7d37cc364713747fb9c004e33778b
Puff Daddy|||Been Around The World,https://p.scdn.co/mp3-preview/8803f9fcdf16dd5c4eb8bfe071c78848dba30e8c
Elton John|||Candle In The Wind,https://p.scdn.co/mp3-preview/ac61132dfeddb737e9ebb6f96f8407adf1e0a898
Puff Daddy and Faith Evans|||I'll Be Missing You,https://p.scdn.co/mp3-preview/37ceb6d86511275a3be9fc5a4696d4c4ff2f363e
Puff Daddy|||Can't Nobody Hold Me Down,https://p.scdn.co/mp3-preview/a2fe440a415bb798c09d2c1de66f3e3743674323
"Spice Girls, The|||Wannabe",https://p.scdn.co/mp3-preview/d9ae5aec748afbd464af3b2b4ef87f00139bc8dd
Hanson|||MMMbop,https://p.scdn.co/mp3-preview/73132a5b606f713a0e8858a5fba92582e7ec9e3c
Mariah Carey|||Honey,https://p.scdn.co/mp3-preview/a8bf7d19349fe516fa6b354156976d12688d99bf
"Notorious B.I.G., The|||Hypnotize",https://p.scdn.co/mp3-preview/fafb6e2a97ac9cc1e8122d43f4399ecb4b11b4a1
"Notorious B.I.G., The|||Mo Money, Mo Problems",https://p.scdn.co/mp3-preview/271f00824c9a2ed12f3ffb105d3a3d181e4251a0
Boyz II Men|||4 Seasons Of Loneliness,https://p.scdn.co/mp3-preview/ba9c66f456c1f3bd316fc8f1153321c212e4d76a
Usher|||You Make Me Wanna..,https://p.scdn.co/mp3-preview/eb361e93c1d270881719c6911214a03b4be80371
LeAnn Rimes|||How Do I Live,https://p.scdn.co/mp3-preview/dfd7958f815b8496b20d48d905697be6bc1dec28
En Vogue|||Don't Let Go ,https://p.scdn.co/mp3-preview/be0773bbd19f63da1907b08f38baacec0f25578c
Meredith Brooks|||Bitch,https://p.scdn.co/mp3-preview/508870e159e4e672ce1c13f9b18655b62a229e29
Jewel|||You Were Meant For Me,https://p.scdn.co/mp3-preview/bcdcf12d5294a35a6cd4a5745e59360401cb208d
"Backstreet Boys, The|||Quit Playing Games",https://p.scdn.co/mp3-preview/5a5cd67d0a579b009ac54e296aa66ceca8c4c328
Mark Morrison|||Return Of The Mack,https://p.scdn.co/mp3-preview/77bbf1e3bc27bfe6339579f71fc0b612391aa5e3
Third Eye Blind|||Semi-Charmed Life,https://p.scdn.co/mp3-preview/14a7c5f918d8665cf88466ba52ada3481c2d164f
Monica|||For You I Will,https://p.scdn.co/mp3-preview/492b90435330c17eff65d5f567ef7441ef79c492
LSG|||My Body,https://p.scdn.co/mp3-preview/3af75bf5a061cf1a89dbc0cd628b5e36e33fe816
Celine Dion|||All By Myself,https://p.scdn.co/mp3-preview/eba8278d693b267f95ba8bb42fb595392c3e13a9
Somethin' For The People|||My Love Is The Shhh!,https://p.scdn.co/mp3-preview/b5d9603c6903d173b490ac35b7ceecc803f56daa
Dru Hill|||In My Bed,https://p.scdn.co/mp3-preview/2cb7491eb1b0f6239e17da178e9c82bf1eaee184
Whitney Houston|||I Believe In You And Me,https://p.scdn.co/mp3-preview/8784eb0c78f498302ef3f1cdf77f8c7267c7c657
Savage Garden|||I Want You,https://p.scdn.co/mp3-preview/44e40b95909072847dac5d1caf2176640c04a002
Allure|||All Cried Out,https://p.scdn.co/mp3-preview/79edcc51c47a09b7395553d0a1569b213508bb68
Bone Thugs N Harmony|||Look Into My Eyes,https://p.scdn.co/mp3-preview/55b9f044bb430ee07d5ff806a7473a9a5ab2291a
Los Del Rio|||Macarena,https://p.scdn.co/mp3-preview/f1b6fb708d914b47ca3c6b799f059ca2cb741daf
Toni Braxton|||Un-Break My Heart,https://p.scdn.co/mp3-preview/8c8ef2d1ce86251cc85c760ad54c780cfea73173
Bone Thugs N Harmony|||Tha Crossroads,https://p.scdn.co/mp3-preview/b07075694abbce6b3ae9d48d95f16bf6b8924896
Celine Dion|||Because You Loved Me,https://p.scdn.co/mp3-preview/6cc9e03303d902f7e4408596fc086475957ae4b9
BLACKstreet|||No Diggity,https://p.scdn.co/mp3-preview/d887520d295cec271b8396b4c131f5f55348c3a3
Mariah Carey|||Always Be My Baby,https://p.scdn.co/mp3-preview/b1e31095de6722f08830226adaeaf91d54654bc5
2Pac|||How Do U Want It,https://p.scdn.co/mp3-preview/b89ffbb1aefb2fbef1aae774e2446d340390ccd9
Toni Braxton|||You're Makin' Me High,https://p.scdn.co/mp3-preview/8d07ecc08e29f85d32f3e15e11f705a3e27d32ad
Donna Lewis|||I Love You Always Forever,https://p.scdn.co/mp3-preview/17a0534bdeee4390ec17bb17efcd1483780c82da
Celine Dion|||It's All Coming Back To Me Now,https://p.scdn.co/mp3-preview/04298d803b66686e5b0bce69401d2c95bf76e085
R. Kelly|||I Believe I Can Fly,https://p.scdn.co/mp3-preview/dab673ab5a5b13d3aef5f07bf45fe61c09da9330
Tony Rich Project|||Nobody Knows,https://p.scdn.co/mp3-preview/78dee0d54ec1701dc8f8632269b7b7aebbce60c4
Brandy|||Sittin' Up In My Room,https://p.scdn.co/mp3-preview/1611d8f860f0886308f3c2156f117697bafa9fcb
Mary J. Blige|||Not Gon' Cry,https://p.scdn.co/mp3-preview/53972b898b703e2173970975a72b59457a1470f0
Keith Sweat|||Twisted,https://p.scdn.co/mp3-preview/d7373f83c11623d3b2952fe06cd19b6d31534f30
Everything But The Girl|||Missing,https://p.scdn.co/mp3-preview/32d25f4587e54a5b148878ab1550ff03c69289a3
Tracy Chapman|||Give Me One Reason,https://p.scdn.co/mp3-preview/21e293c4edf7cc7134436e5ac63705e18cc306da
Keith Sweat|||Nobody,https://p.scdn.co/mp3-preview/d571efb9ae9e8dc367efe40d1de5ef0d79bd0127
Quad City DJ's|||C'Mon N' Ride It ,https://p.scdn.co/mp3-preview/b72fc3a3ce445d52f9226d0baa82d55492927818
LL Cool J|||Loungin',https://p.scdn.co/mp3-preview/7fe451d0a466a5481a778f17528a2c68e4fac466
New Edition|||Hit Me Off,https://p.scdn.co/mp3-preview/3f24544113a4cc1fbd33f4969694691af065d66a
Alanis Morissette|||Ironic,https://p.scdn.co/mp3-preview/37b77ae55408ab2bc2e46759c9c4ddd823d33fc0
Merril Bainbridge|||Mouth,https://p.scdn.co/mp3-preview/c2cebf6c0f58daffb641c75c0dbf96a319439f8f
R. Kelly|||Down Low ,https://p.scdn.co/mp3-preview/4eef9e9a32d46f75d5f42bfbda8ca9a6e3374087
Joan Osborne|||One Of Us,https://p.scdn.co/mp3-preview/342895668897425d206045a910f3a3bf7869c9d9
2 Pac|||California Love,https://p.scdn.co/mp3-preview/ca5dbeef42619bd61e5ef642d4069b8ca5b078f7
Mariah Carey|||One Sweet Day,https://p.scdn.co/mp3-preview/8df74dd38c5d1ada2b22ca0e74d8a5c94dea4d2f
Mariah Carey|||Fantasy,https://p.scdn.co/mp3-preview/e21e6540a41559957c02ec623c620c03646686ae
TLC|||Waterfalls,https://p.scdn.co/mp3-preview/0d6910587f1e6081f7016d8bc2ec7ab94cf5f0fe
Madonna|||Take A Bow,https://p.scdn.co/mp3-preview/ac77377ff8a8f26a26306310d8d5d791051740c8
Montell Jordan|||This Is How We Do It,https://p.scdn.co/mp3-preview/d91fd875a55720a79cdc4848807d42c688ffd531
Bryan Adams|||Have You Ever Really Loved A Woman?,https://p.scdn.co/mp3-preview/9586016e392d352c0a3ab2ca010ed5bba8be0fdb
TLC|||Creep,https://p.scdn.co/mp3-preview/c3ce84cfd8685cd2e64591819f55492332dd3007
Coolio|||Gangsta's Paradise,https://p.scdn.co/mp3-preview/48b5db8fc733af67cb187842a1589358607d046c
Seal|||Kiss From A Rose,https://p.scdn.co/mp3-preview/829c43d9ebc35befea511e6009adf5a115eba387
Whitney Houston|||Exhale ,https://p.scdn.co/mp3-preview/262074b4e93b82e30cd8d5b6a664a33608691df3
Michael Jackson|||You Are Not Alone,https://p.scdn.co/mp3-preview/eb425858b5b246592c171386d2582b4193daa915
Soul For Real|||Candy Rain,https://p.scdn.co/mp3-preview/1ac4c4fe643046b2675f3701649cba380d61f9f7
Monica|||Don't Take It Personal,https://p.scdn.co/mp3-preview/9b2778d76c956ade5e409a47bf77f101d41da15c
TLC|||Red Light Special,https://p.scdn.co/mp3-preview/b8bde0d8633281c9e1e6fb990e631148fff85889
"Notorious B.I.G., The|||One More Chance-Stay With Me",https://p.scdn.co/mp3-preview/5057163191b2c2ed240eb9a1ce7d92be29ffc15e
Adina Howard|||Freak Like Me,https://p.scdn.co/mp3-preview/4109e2654f907e8b9bcf2541fdf0c2445080b632
Boyz II Men|||Water Runs Dry,https://p.scdn.co/mp3-preview/51c6f36e6c2e7ac98a44f8619aa84fc5d951d380
Nicki French|||Total Eclipse Of The Heart,https://p.scdn.co/mp3-preview/6a5d0e19ebc021505553a09b1fc0207ab700c96f
LL Cool J|||Hey Lover,https://p.scdn.co/mp3-preview/910dc85ea59eb8f6d23bc6437829ea81d91c4f88
Janet Jackson|||Runaway,https://p.scdn.co/mp3-preview/9954a34f995f30f27906dbf7f3a5d0c3847aaf46
Shaggy|||Boombastic,https://p.scdn.co/mp3-preview/cad2b944f23c1fb436b2efbda6d0f32dfb4a94a8
Real McCoy|||Run Away,https://p.scdn.co/mp3-preview/cc906a283abdff0845fe27353f37ad1bf63a4233
Method Man|||I'll Be There For You,https://p.scdn.co/mp3-preview/865501acfa300c09faa28b32def8fa66ab50be44
Brandy|||Baby,https://p.scdn.co/mp3-preview/8095d08a3fe839b39dceffbb1ff14fff20d0d117
R. Kelly|||You Remind Me Of Something,https://p.scdn.co/mp3-preview/52ed17cf1d253b67283b83e2bd73e6810b0b3376
Vanessa Williams|||Colors Of The Wind,https://p.scdn.co/mp3-preview/6ace901fb2789a15cdfc7ddee114e794eff2bee7
"Notorious B.I.G., The|||The What",https://p.scdn.co/mp3-preview/a9bed6a04432ac1dd1116ab547934bb31ef6b0ab
Boyz II Men|||I'll Make Love To You,https://p.scdn.co/mp3-preview/f4021f3c7740c488657326915837c4d40fdd9002
All-4-One|||I Swear,https://p.scdn.co/mp3-preview/2b3d3e4358e20b245736b6f250fb1445da8e7c6b
Ace Of Base|||The Sign,https://p.scdn.co/mp3-preview/304efabb42448c99202a7659e43b502a6324d981
Boyz II Men|||On Bended Knee,https://p.scdn.co/mp3-preview/b3d4561dc4480fe5d6173dff634c1af4b261802b
Celine Dion|||The Power Of Love,https://p.scdn.co/mp3-preview/75434b31d8ebc0f94d9c886e3217c5574759a137
R. Kelly|||Bump N' Grind,https://p.scdn.co/mp3-preview/9fcf4a7c804be2a56ab26b18ca755be8a0a68afe
Lisa Loeb and Nine Stories|||Stay,https://p.scdn.co/mp3-preview/395ea5f63e7c0375529493a5f4bf5c58a8ff73f0
Bryan Adams|||All For Love,https://p.scdn.co/mp3-preview/e5b6be21c01902ddc2d4ec485eb253062ae9d70f
Ini Kamoze|||Here Comes The Hotstepper,https://p.scdn.co/mp3-preview/f319b2eb443e43c8b52785d96f79a047ef7315d7
Sheryl Crow|||All I Wanna Do,https://p.scdn.co/mp3-preview/00f422a1672b978feb97b4cfb3eefc616c780cff
Madonna|||I'll Remember,https://p.scdn.co/mp3-preview/75c3ccd04bf7976aa0a6c104a14e897ffd8c1758
Warren G|||Regulate,https://p.scdn.co/mp3-preview/5883361a0af57827d8f7bb78688bf5ea0709551f
"Janet Jackson|||Any Time, Any Place",https://p.scdn.co/mp3-preview/29eab5dff8ffd284d53108e6cf1989c1c7f7f799
Luther Vandross|||Endless Love,https://p.scdn.co/mp3-preview/ba68333e1c4293761f3552bec9b9c99ef908df22
Real McCoy|||Another Night,https://p.scdn.co/mp3-preview/f0198c59e0a03b567e437bb43c0359c0ca9fb13a
Mariah Carey|||Without You,https://p.scdn.co/mp3-preview/44a2b4866d8409efb403abfeaf2f59811aafaa32
Coolio|||Fantastic Voyage,https://p.scdn.co/mp3-preview/6df67ad565f7d863316d5a595e65d56fa2c96014
Toni Braxton|||Breathe Again,https://p.scdn.co/mp3-preview/7be71eda5ed3a8133e2540864444eb67d58c8720
Salt 'N Pepa|||Whatta Man,https://p.scdn.co/mp3-preview/811cec484ebddee5ce49d00035abbe30c70d352a
John Mellencamp|||Wild Night,https://p.scdn.co/mp3-preview/d8bf6d854832f500d7ff9bc5b067459c73c36455
Madonna|||Secret,https://p.scdn.co/mp3-preview/5270002eb39df75231cee210c658ff30552ef565
Changing Faces|||Stroke You Up,https://p.scdn.co/mp3-preview/fe29d7ee0de7e1f0f081524d8af6fa752e1109cd
Bon Jovi|||Always,https://p.scdn.co/mp3-preview/d8bbcd55a6d916544c2732147bc4f70fc9d223a8
Babyface|||When Can I See You,https://p.scdn.co/mp3-preview/1ca817b8df82e027ec7df44b036a12fd7412d456
Ace Of Base|||Don't Turn Around,https://p.scdn.co/mp3-preview/066d505cab66a5f50468971c5e3f8906a2a122ff
Crash Test Dummies|||Mmm Mmm Mmm Mmm,https://p.scdn.co/mp3-preview/a8eb6c1e0d2ebbb4c937cafd372db25da70fb699
Enigma|||Return To Innocence,https://p.scdn.co/mp3-preview/99d443c1e0fbb23f1bd61ef9ea6c36622aa24581
Elton John|||Can You Feel The Love Tonight,https://p.scdn.co/mp3-preview/34e77ace78027ddcd62bf3c65c604e5f3a0dc9cb
Janet Jackson|||And On And On,https://p.scdn.co/mp3-preview/ab67fe7c12bcaf655aed6d640c00e4166df58998
Mariah Carey|||Never Forget You,https://p.scdn.co/mp3-preview/e13280aa8f1c322611c1bba85a5561bd923bc301
Mariah Carey|||Dreamlover,https://p.scdn.co/mp3-preview/ba2a62270ae31307f97a35aa768f1be4377e9317
Janet Jackson|||That's The Way Love Goes,https://p.scdn.co/mp3-preview/68969e0bc964398309acb927a792947a20e61bc0
UB40|||Can't Help Falling In Love,https://p.scdn.co/mp3-preview/c1e595f7fd1853a3fbf15b5e568c4f76c4686999
Snow|||Informer,https://p.scdn.co/mp3-preview/88e3c88cd83a7ee5bdbfb361fb9fce12b2e2e653
Meat Loaf|||I'd Do Anything For Love ,https://p.scdn.co/mp3-preview/887db036ca0e35c29e63f89c47685855695042e3
Mariah Carey|||Hero,https://p.scdn.co/mp3-preview/cc03494b6954237706d6f2ac7b9ce189014f840a
Silk|||Freak Me,https://p.scdn.co/mp3-preview/fd24ab056ce09fb6be1dc15946c441c65eac0fd8
SWV|||Weak,https://p.scdn.co/mp3-preview/fefc542eab30c632ba5bbf6624dd051d377b4b39
Janet Jackson|||Again,https://p.scdn.co/mp3-preview/87a27e3f12678c363031f4cc23a6db7a9b7af49d
Peabo Bryson and Regina Bell|||A Whole New World,https://p.scdn.co/mp3-preview/492332856589fcd07e714f7156add4006bc03323
Tag Team|||Whoomp! There It Is,https://p.scdn.co/mp3-preview/056674ff7f920e72f49bc0bef2a8ec760bae0a9f
Ace Of Base|||All That She Wants,https://p.scdn.co/mp3-preview/7e9994d654624d318608c9d46b1734ec552f040f
SWV|||Right Here ,https://p.scdn.co/mp3-preview/2e10fc709c55a4c5e136c075da1c27f6aae1c9ae
Dr. Dre|||Nuthin' But A G Thang,https://p.scdn.co/mp3-preview/970d6ad50f3987f5a2bea10e5ce607acb9fb27d9
Xscape|||Just Kickin' It,https://p.scdn.co/mp3-preview/70114690c1f632858b43f7d29c336acde23500e3
H-Town|||Knockin' Da Boots,https://p.scdn.co/mp3-preview/31a29825958c27382d124cb249ca24c093d5430f
Boyz II Men|||In The Still Of The Nite ,https://p.scdn.co/mp3-preview/53d755b03a861d45a7978b6107047ca56366ce0d
Duran Duran|||Ordinary World,https://p.scdn.co/mp3-preview/d7a6e8b920757839b9920d300f29b02ce0172ce8
Billy Joel|||The River Of Dreams,https://p.scdn.co/mp3-preview/ddc79ec18d01d3e1bf318b60fffc1dd735702490
Vanessa Williams and Brian McKnight|||Love Is,https://p.scdn.co/mp3-preview/a39b98aff688ef4e219f1ec3a0223f25e199f815
"Proclaimers, The|||I'm Gonna Be",https://p.scdn.co/mp3-preview/a5e44c043b4e27c01ee92be422224edd2a222f34
Whitney Houston|||I Have Nothing,https://p.scdn.co/mp3-preview/c0f4dcce1ca7f6142d709185db1ffa44ff2d4d4a
Janet Jackson|||If,https://p.scdn.co/mp3-preview/4a8b1ae7a53c26df7b9964a7eaf7686cd9f3bfa4
D.R.S.|||Gangsta Lean,https://p.scdn.co/mp3-preview/ff323398b974a90340c179736ed6c84585c47cef
Shanice|||Saving Forever For You,https://p.scdn.co/mp3-preview/d227194dc335ec472d895fe68ec790b3fcd0ffb6
Jodeci|||Lately,https://p.scdn.co/mp3-preview/153e3cedd329229982760efaa8c4f80fdd4b4712
Whitney Houston|||I'm Every Woman,https://p.scdn.co/mp3-preview/35c63cbe4e3ce454a7c5cfe4b0c73a96867104d2
Jade|||Don't Walk Away,https://p.scdn.co/mp3-preview/cf3f2976e43742ca2208af7f85da65be8060d93e
Salt 'N Pepa|||Shoop,https://p.scdn.co/mp3-preview/6ea01a0df08070e49ebc16fcfcca0b9b9ec74e83
Onyx|||Slam,https://p.scdn.co/mp3-preview/75f56714c412e5aaf614eda002e60694c795056d
Whitney Houston|||I Will Always Love You,https://p.scdn.co/mp3-preview/91e6d3e0b48cda2f3a1b2391a1c1384fbf73b8a8
Boyz II Men|||End Of The Road,https://p.scdn.co/mp3-preview/fbf2f9ef71dadac541ac4ba5f9fb58724a656847
Kris Kross|||Jump,https://p.scdn.co/mp3-preview/048216266ed154b08ed225829b61aaaaff8e5b93
Sir Mix-A-Lot|||Baby Got Back,https://p.scdn.co/mp3-preview/480e280491c57d11253bc75b64fd57a39cc851fb
Vanessa Williams|||Save The Best For Last,https://p.scdn.co/mp3-preview/5ecc22b28fa52700668c0f76aa63bdc593ddcc38
Right Said Fred|||I'm Too Sexy,https://p.scdn.co/mp3-preview/37530f88dc9014309da9561203f9b53404801e44
Mr. Big|||To Be With You,https://p.scdn.co/mp3-preview/2ededc1fcb7703f45f966aacf4df72803d235a21
"Heights, The|||How Do You Talk To An Angel",https://p.scdn.co/mp3-preview/a52b81ef3c2a591b78e9139d725f97f5bf65dd38
Mariah Carey|||I'll Be There ,https://p.scdn.co/mp3-preview/d2e96d185d8eaee638ac780e0a1ac34e85fde9f0
Color Me Badd|||All 4 Love,https://p.scdn.co/mp3-preview/f3fc36fb3cb3e12753936c9351e27922da7ca3c5
George Michael|||Don't Let The Sun Go Down On Me,https://p.scdn.co/mp3-preview/5b030d6dd95a91096f8d5bbe84a9eef1af25a3ee
Madonna|||This Used To Be My Playground,https://p.scdn.co/mp3-preview/7ae8225da79feeee00a784067afe5ea30f44341b
Shai|||If I Ever Fall In Love,https://p.scdn.co/mp3-preview/f8679341ce6fad07820e619655c25eb36babd7cc
TLC|||Baby-Baby-Baby,https://p.scdn.co/mp3-preview/6bdeea0782171070e4685da2ae8e73f4f252f431
Patty Smyth|||Sometimes Love Just Ain't Enough,https://p.scdn.co/mp3-preview/d77e12079edb32bc4c853a2dbbc7ceeadfd5c012
Eric Clapton|||Tears In Heaven,https://p.scdn.co/mp3-preview/6db51a706aa23e959e1f3ee27f26848ec81ff812
Wreckx-N-Effect|||Rump Shaker,https://p.scdn.co/mp3-preview/0116694c2096f9f662c6f6b818b3ae113d40e569
En Vogue|||My Lovin' ,https://p.scdn.co/mp3-preview/5d8d1f7fe6368ceedc942ec7787cfc157a772a11
Shanice|||I Love Your Smile,https://p.scdn.co/mp3-preview/2fd2a1c6e0878bd2b868e4ff28f0298930d883d0
Red Hot Chili Peppers|||Under The Bridge,https://p.scdn.co/mp3-preview/5c052c976f9ad6610a1e8daf79e467e1e3943632
Mariah Carey|||Can't Let Go,https://p.scdn.co/mp3-preview/3aa283f776cce8d6499d49fe343e8b5b096464c5
PM Dawn|||I'd Die Without You,https://p.scdn.co/mp3-preview/a4edf28cc7bb10a9a13af287edb3a99f69315bb3
Michael Jackson|||Remember The Time,https://p.scdn.co/mp3-preview/900f644f1c0fac46930083cb771013ef9cf50144
Bobby Brown|||Humpin' Around,https://p.scdn.co/mp3-preview/2342ff8f5fd8666417e58672cf43578eaf36bd71
House Of Pain|||Jump Around,https://p.scdn.co/mp3-preview/8c0563c907c9415db2c1f73220340325d27dd84d
Guns N' Roses|||November Rain,https://p.scdn.co/mp3-preview/883fa31e3f6655c31c05e3a4608a65cfbc7f35b9
Atlantic Starr|||Masterpiece,https://p.scdn.co/mp3-preview/e5a63d31634daddda7baa685f5b18d268b761999
Prince|||Diamonds And Pearls,https://p.scdn.co/mp3-preview/bda42ad0fe8e5ee27e54e3a3ac9f2091a86716ae
Madonna|||Erotica,https://p.scdn.co/mp3-preview/536244cabd7ac5d6935f26212bc2d80ae39321ee
Billy Ray Cyrus|||Achy Breaky Heart,https://p.scdn.co/mp3-preview/0b11157c03d457a32d327fb6c942613f8698756a
Joe Public|||Live And Learn,https://p.scdn.co/mp3-preview/016c78e6c5a052e553be1e376050b7f7ec2a786b
Celine Dion|||If You Asked Me To,https://p.scdn.co/mp3-preview/9f10dcd82c71de7ad218e4f3255909fdf2e6f865
Bryan Adams|||Everything I Do I Do It For You,https://p.scdn.co/mp3-preview/680038cc4d33e89190e6b0396cbcfcb01997b74e
Michael Jackson|||Black Or White,https://p.scdn.co/mp3-preview/2b6e89f6ad480deed492b01d5a63aabeaa6af1ff
Paula Abdul|||Rush Rush,https://p.scdn.co/mp3-preview/1da8792e1843e40c23c07d948c52283e23744a9c
Mariah Carey|||Emotions,https://p.scdn.co/mp3-preview/624f527e18435ffac1f6cc9cbbeb8e5c29a112cc
C and C Music Factory|||Gonna Make You Sweat,https://p.scdn.co/mp3-preview/8809090087222fbaa7caafad18bde2dcece52be3
Surface|||The First Time,https://p.scdn.co/mp3-preview/39763e70d927012a66d32d24369df8e30101cccc
Mariah Carey|||I Don't Wanna Cry,https://p.scdn.co/mp3-preview/69ed1d3359aba6cfaf30b75c40591aead5066334
Madonna|||Justify My Love,https://p.scdn.co/mp3-preview/a1243597b564c41037189d9cf3104e0a7e980a1c
Amy Grant|||Baby Baby,https://p.scdn.co/mp3-preview/35ed49f1969a376e6191c06e3784d3c0394e3211
Whitney Houston|||All The Man That I Need,https://p.scdn.co/mp3-preview/675ece9d91f2282eab2fbb0f5b73f9e5e17b5987
Mariah Carey|||Someday,https://p.scdn.co/mp3-preview/c3ea5a7e4dd31d39e9ba5eb915d77d348aeae743
Color Me Badd|||I Adore Mi Amor,https://p.scdn.co/mp3-preview/cbc69620f4ef2ded0bf32f04a9908c7a33346965
Gloria Estefan|||Coming Out Of The Dark,https://p.scdn.co/mp3-preview/1d12691e2240047d38e61389a15065858e49641c
Extreme|||More Than Words,https://p.scdn.co/mp3-preview/7abf6271ae55ef917b2f66eed0b1b6fce3e447db
Hi-Five|||I Like The Way ,https://p.scdn.co/mp3-preview/7c2e855149bd5c7a20d83fc25d3cdfa1d0c8f402
Timmy T|||One More Try,https://p.scdn.co/mp3-preview/16171da642a36ad94258314810ee6496e2eb4ff3
EMF|||Unbelievable,https://p.scdn.co/mp3-preview/100923e4697ba0166202b319e90ad1b79aeaff5e
Michael Bolton|||When A Man Loves A Woman,https://p.scdn.co/mp3-preview/e4d4610481df3eda39c82ee0bb99e4e8b4d3facd
PM Dawn|||Set Adrift On Memory Bliss,https://p.scdn.co/mp3-preview/dfeb3ccbe5a2ef7b85b1043fff52ef05b56a2a74
Karyn White|||Romantic,https://p.scdn.co/mp3-preview/9b4255f758ce6bc4930c1b0c2d0ae618dea82ff8
Janet Jackson|||Love Will Never Do ,https://p.scdn.co/mp3-preview/f5dad842d5fcc3ac6957beb60f5f33334a9ea285
Marky Mark and The Funky Bunch|||Good Vibrations,https://p.scdn.co/mp3-preview/d502c5fa63d28442808779a3832524b4fb1c44fa
Wilson Phillips|||You're In Love,https://p.scdn.co/mp3-preview/5233aef0f1715ee779fd532c59428c50d61dcdcf
Roxette|||Joyride,https://p.scdn.co/mp3-preview/9a84b9d4d4b0ac68b383e785709e9e748b90b0aa
Londonbeat|||I've Been Thinking About You,https://p.scdn.co/mp3-preview/118a8e88b5224a174eda65537c31609129e1afd2
Paula Abdul|||The Promise Of A New Day,https://p.scdn.co/mp3-preview/51ada9834fdd4a330b7a2cdad0294db6baa8ec3c
Boyz II Men|||It's So Hard To Say Goodbye To Yesterday,https://p.scdn.co/mp3-preview/8ae9d10362f5502327325764937583f1531c2a9b
Color Me Badd|||I Wanna Sex You Up,https://p.scdn.co/mp3-preview/3b705c4912b5e8c63847ad4acee5a0af0f1587ee
Cathy Dennis|||Touch Me ,https://p.scdn.co/mp3-preview/9ace75367b2a388d240d3305d169beda54576d21
"Jesus Jones|||Right Here, Right Now",https://p.scdn.co/mp3-preview/23e46a68cf8e82dd6423b80ecddd062049b6c763
Bryan Adams|||Can't Stop This Thing We Started,https://p.scdn.co/mp3-preview/06fa96d3c2bb0b2e0979e506636e79c5786b55a7
Amy Grant|||Every Heartbeat,https://p.scdn.co/mp3-preview/a43cdd8d5f4180830e405b8f705ada974f26a778
Lenny Kravitz|||It Ain't Over Til It's Over,https://p.scdn.co/mp3-preview/46b6f96e04697113cbbb3daa09fba0a842967ea4
Roxette|||Fading Like A Flower ,https://p.scdn.co/mp3-preview/e98dc651e6d3ecaf979417cfadc14c49d69095a3
Boyz II Men|||Motownphilly,https://p.scdn.co/mp3-preview/2b2e33489d75fbe0273c57d904e86ff42da9e6e7
Damn Yankees|||High Enough,https://p.scdn.co/mp3-preview/7fe0f809efe4aad54b93608c5628eb9af7e375c9
Tara Kemp|||Hold You Tight,https://p.scdn.co/mp3-preview/afadb909fcef78c63305b719874eb2657ec7d979
C and C Music Factory|||Here We Go,https://p.scdn.co/mp3-preview/ca7f9da37054a460150857b60512fd1ac2973440
Tracie Spencer|||This House,https://p.scdn.co/mp3-preview/34047855119c8ef23293945a1fd11b46e1a544e1
Styx|||Show Me The Way,https://p.scdn.co/mp3-preview/acb5a277e94949862df2ee39e7a13185415fb9ae
DJ Jazzy Jeff and The Fresh Prince|||Summertime,https://p.scdn.co/mp3-preview/cb75ee4897fc0b3b87899db590ed4014a74e5216
Ralph Tresvant|||Sensitivity,https://p.scdn.co/mp3-preview/06c304a18297135ee7d1934a2c887d64296332cc
Michael Bolton|||Love Is A Wonderful Thing,https://p.scdn.co/mp3-preview/db5655ef8ba09a80938bc7bc6c90bdcbe301ad6a
Luther Vandross|||Power Of Love,https://p.scdn.co/mp3-preview/6a693f4cd6d98883550c87c4ae1f78c769eba92d
Extreme|||Hole Hearted,https://p.scdn.co/mp3-preview/12761881a64419822110f5ed471fd3553ad3f556
Celine Dion|||Where Does My Heart Beat Now,https://p.scdn.co/mp3-preview/bb3ba9b986c82d88a40d57b4d3e1d2cb086f74d8
C+C Music Factory|||Things That Make You Go Hmmmm,https://p.scdn.co/mp3-preview/82bf9ef1db965a237e3dd894bb1e3a8e8bad5beb
R.E.M.|||Losing My Religion,https://p.scdn.co/mp3-preview/8a98c07f6174db8c19a6409b6ebb043e3c78f2e8
Scorpions|||Wind Of Change,https://p.scdn.co/mp3-preview/f71fca9a3686352ce0f0c56348cd5a7f9cce5c26
diVINYLS|||I Touch Myself,https://p.scdn.co/mp3-preview/3b4e89c4505dd9d794f7f0237364e59dd088174b
Vanilla Ice|||Play That Funky Music,https://p.scdn.co/mp3-preview/4311f7e0b19b65dd4e13f0a4ae9dd2c3e32e62cd
"Jesus Jones|||Real, Real, Real",https://p.scdn.co/mp3-preview/61ca42db635a6eb74d2124311818ec5e0c54886e
Stevie B|||Because I Love You ,https://p.scdn.co/mp3-preview/ea043130fd76315c5c2055dc5fd26d13efa27a26
Sinead O'Connor|||Nothing Compares 2 U,https://p.scdn.co/mp3-preview/d3d51a64abe6631de32c396b92366e950c3bd320
Mariah Carey|||Vision Of Love,https://p.scdn.co/mp3-preview/56b04e8d581ac11089e4759784c8e5f358374ea9
Madonna|||Vogue,https://p.scdn.co/mp3-preview/6f927c9da5cde0a408a6f939d07174e83e1fa2fc
Janet Jackson|||Escapade,https://p.scdn.co/mp3-preview/5a2e94cb2088d7e985bb5cd0fd136e18eab35627
Mariah Carey|||Love Takes Time,https://p.scdn.co/mp3-preview/8f28ec1b3f4da9158850a262d54d40ac78472426
Paula Abdul|||Opposites Attract,https://p.scdn.co/mp3-preview/ba73457d84da4051a85f63bdc0fe550bba22eea8
New Kids On The Block|||Step By Step,https://p.scdn.co/mp3-preview/0b23851ebbbd4b356a96b9c100f08d3896503027
Michael Bolton|||How Am I Supposed To Live Without You,https://p.scdn.co/mp3-preview/a8fe7b8c8bafc38142aac088943887ad54695b72
Roxette|||It Must Have Been Love,https://p.scdn.co/mp3-preview/a76b97080dee3bd95b1fb99b592910c976fd55f3
Alannah Myles|||Black Velvet,https://p.scdn.co/mp3-preview/95abdfdeddbab5212c6a95f04a95aabb1e3f2dbe
Wilson Phillips|||Release Me,https://p.scdn.co/mp3-preview/6dca940a9fd19ea6333ddaa67ce03955c01299cd
Glenn Medeiros|||She Ain't Worth It,https://p.scdn.co/mp3-preview/62c4747cd9febed9f3c7e8f4071c3365a6b82be7
Wilson Phillips|||Hold On,https://p.scdn.co/mp3-preview/9aea9e36875f3fd4c26c57a2c801f7b4dc9b0bbc
Jon Bon Jovi|||Blaze Of Glory,https://p.scdn.co/mp3-preview/71379cb94f6026366cc02c2e752999334cb64a10
Whitney Houston|||I'm Your Baby Tonight,https://p.scdn.co/mp3-preview/ee5f76ffd95d70a1d7089b1b55db61f88cc876c6
Maxi Priest|||Close To You,https://p.scdn.co/mp3-preview/f9d7b6c7f723b24634c62d849f78b2d655e3c82b
James Ingram|||I Don't Have The Heart,https://p.scdn.co/mp3-preview/fee68e81806323b6be017a5c01fecf5e1d3726b0
Vanilla Ice|||Ice Ice Baby,https://p.scdn.co/mp3-preview/0e7c0ced721433cdd0a6c6349843331be905fe83
Nelson|||Can't Live Without Your Love And Affection,https://p.scdn.co/mp3-preview/0eea55a00202a0ea3978450cb0e67ebbf3af4955
Sweet Sensation|||If Wishes Came True,https://p.scdn.co/mp3-preview/83b00ea1ea65ba78b1897795278ea3d81c4fce60
Taylor Dayne|||Love Will Lead You Back,https://p.scdn.co/mp3-preview/6b61ae1350c16e2118812ba93270dec7621292ab
George Michael|||Praying For Time,https://p.scdn.co/mp3-preview/be0abe0726a0f29812d7ad49a89f0879483d2f09
Tommy Page|||I'll Be Your Everything,https://p.scdn.co/mp3-preview/6771d45a5cff18b8428144a0ccc217c86edfd422
Janet Jackson|||Black Cat,https://p.scdn.co/mp3-preview/4d6f1cee2a7147f7de98218fae38cafa410437ea
Jane Child|||Don't Wanna Fall In Love,https://p.scdn.co/mp3-preview/60f969b8e7fffa0285d47292d83ec527e6000774
Technotronic|||Pump Up The Jam,https://p.scdn.co/mp3-preview/069a5b6163d6324cbe7bfde5079e4d177b78975f
Heart|||All I Wanna Do Is Make Love To You,https://p.scdn.co/mp3-preview/58a2aa9fe7128795574569c1ad1113759ce73c0f
Seduction|||Two To Make It Right,https://p.scdn.co/mp3-preview/61300bc041c687ac8cbe55a4537c3a720b34b0a5
Roxette|||Dangerous,https://p.scdn.co/mp3-preview/544856e0d48f946619a3384908a8fb0d41af639d
Janet Jackson|||Come Back To Me,https://p.scdn.co/mp3-preview/bc51c5f74b5bda5c41ad81cac316cd45125080b2
M.C. Hammer|||Pray,https://p.scdn.co/mp3-preview/5725645563ca09062d8fc66429c938d903318ec5
Bette Midler|||From A Distance,https://p.scdn.co/mp3-preview/3c1aab17a16e1a962d8ea15ce33d3c68b20a59d2
Billy Idol|||Cradle Of Love,https://p.scdn.co/mp3-preview/34ba80240dfbe70884b1893d847957edeaee5f69
En Vogue|||Hold On,https://p.scdn.co/mp3-preview/d96d81ed15b1dbc0ca1fa4069a80234f47bea341
Snap!|||The Power,https://p.scdn.co/mp3-preview/34739f1c145211dde168db0495efc5db3f356336
Calloway|||I Wanna Be Rich,https://p.scdn.co/mp3-preview/535649579f84207c78dded5c45e3e26b06c988fe
Alias|||More Than Words Can Say,https://p.scdn.co/mp3-preview/f2dd881db53f2228a5480ba760417d9bceca3fd9
Bell Biv DeVoe|||Poison,https://p.scdn.co/mp3-preview/1fdc4d355b6ddcdafb60d0c1541e3c3c2afc2e8a
Bell Biv DeVoe|||Do Me!,https://p.scdn.co/mp3-preview/1601f073858a800d045c132d4024eb5a91633bd4
Lisa Stansfield|||All Around The World,https://p.scdn.co/mp3-preview/6d0409b51a9fc100a023fde590194ca73c572e26
Rod Stewart|||Downtown Train,https://p.scdn.co/mp3-preview/d597ff73c3a7fa973b3bf9efe11988c2cfc3ebcd
Johnny Gill|||Rub You The Right Way,https://p.scdn.co/mp3-preview/49e6adcc26f6c8304a5119b4398ece19d1412374
"B-52's, The|||Roam",https://p.scdn.co/mp3-preview/de59d82cc147642543a65f896964dad66601c4dd
Poison|||Unskinny Bop,https://p.scdn.co/mp3-preview/1e04a8dceb9fa390fbead576194851ce3a317579
Michael Bolton|||How Can We Be Lovers,https://p.scdn.co/mp3-preview/4e653df15f1cf01c662a406d3d4ea35ca11ab40c
Phil Collins|||I Wish It Would Rain Down,https://p.scdn.co/mp3-preview/7dac94d077c565a2a46321333bb86e6cf00563df
Deee-Lite|||Groove Is In The Heart,https://p.scdn.co/mp3-preview/d10177c88feff3b08c5b6dc9dbb9ba4a2f3fd5da
Pebbles|||Giving You The Benefit,https://p.scdn.co/mp3-preview/2b81647860aed632d2986ac45fac81336db19760
Wilson Phillips|||Impulsive,https://p.scdn.co/mp3-preview/3dd8dfe60e5b9de029c1bd373aaca66b6f44a799
Jody Watley|||Everything,https://p.scdn.co/mp3-preview/7a5208eb9320ecdec496578ee503df4fc4ab6780
Janet Jackson|||Alright,https://p.scdn.co/mp3-preview/ab47492e3aba8a1ac8f99a33373087b53a520cca
Poison|||Something To Believe In,https://p.scdn.co/mp3-preview/1b7403443a74268170e454a59bf48b6be907e8f0
M.C. Hammer|||Have You Seen Her,https://p.scdn.co/mp3-preview/c356fdd2eb11dc32e4e0bf6346332b781ed5b8cc
Phil Collins|||Do You Remember?,https://p.scdn.co/mp3-preview/9342e80fc86a33052fd78803af006c6488fd52bd
Phil Collins|||Something Happened On The Way To Heaven,https://p.scdn.co/mp3-preview/c0b4c2e876d60526ba234b3f22b9bce61e1cd210
Taylor Dayne|||I'll Be Your Shelter,https://p.scdn.co/mp3-preview/557c4acf0d60362cbd5b08666aa0f184dfd66fe4
Milli Vanilli|||All Or Nothing,https://p.scdn.co/mp3-preview/34647245c919023de5e73b2085f925da438f6f39
Aerosmith|||Janie's Got A Gun,https://p.scdn.co/mp3-preview/5e78d33e922e83f09fbe541f9ad31130392cf3de
